<?xml version="1.0" encoding="UTF-8" standalone="yes"?>
<addon id="repository.Halow" name="Halow's Repo" version="1.0.1" provider-name="Halow">
    <extension point="xbmc.addon.repository" name="Halow's Repo">
        <info compressed="false">https://raw.githubusercontent.com/HalowTV/HALOW-LIVE-TV/master/Repo-test/addons.xml</info>
        <checksum>https://github.com/HalowTV/HALOW-LIVE-TV/tree/master/zips.md5</checksum>
        <datadir zip="true">https://github.com/HalowTV/HALOW-LIVE-TV/tree/master/zips</datadir>
    </extension>
    <extension point="xbmc.addon.metadata">
        <summary>Halow's repository</summary>
        <description>A reposistory of Halow's addons for kodi XBMC</description>
        <platform>all</platform>
    </extension>
</addon>